{
    "metadata":{
        "normals":133,
        "type":"Geometry",
        "version":3,
        "vertices":142,
        "uvs":0,
        "generator":"io_three",
        "faces":136
    },
    "vertices":[-3.26808,0.180289,6.2806,-2.87247,2.3354,6.56091,-3.0828,0.155172,1.4404,-3.0828,2.3416,1.58782,-1.15237,0.173675,6.32564,-1.4458,2.3354,6.56091,-0.923127,0.155172,1.4404,-0.923127,2.3416,1.58782,-3.12936,0.169353,2.86545,-3.12936,2.3416,2.73066,-0.969684,0.169353,2.86545,-0.969684,2.3416,2.73066,-3.22393,0.14484,4.9728,-1.06426,2.3354,4.77497,-3.22393,2.3354,4.82407,-1.06426,0.128981,4.92632,-1.59548,0.155172,1.4404,-1.59548,2.36697,1.58782,-1.82579,0.14373,6.33405,-1.79703,1.06327,6.56091,-1.64204,2.36697,2.73066,-1.64204,0.169353,2.86545,-1.73661,3.56499,4.82407,-1.73661,0.14484,4.9728,-2.33914,0.155172,1.4404,-2.54069,1.06327,6.56091,-2.3857,0.169353,2.86545,-2.48027,0.14484,4.9728,-2.33914,2.36697,1.58782,-2.52546,0.169332,6.24285,-2.3857,2.36697,2.73066,-2.48027,3.56499,4.82407,-3.22393,-1.235,5.44366,-3.29958,-1.26346,6.0799,-2.33914,-1.2493,1.84753,-3.0828,-1.2493,1.84753,-0.969684,-1.26348,2.59587,-0.923127,-1.2493,1.84753,-1.76813,-1.26127,5.94893,-1.09711,-1.24438,5.98778,-3.12936,-1.26348,2.59587,-2.3857,-1.26348,2.59587,-1.06426,-1.235,5.44366,-2.48027,-1.235,5.44366,-1.59548,-1.2493,1.84753,-1.64204,-1.26348,2.59587,-1.73661,-1.235,5.44366,-2.55696,-1.27441,6.04215,-1.06426,2.94316,5.09098,-1.4458,4.20097,6.294,-2.54069,4.20097,6.294,-2.87247,4.20097,6.294,-3.22393,2.94316,5.09098,-1.73661,3.77465,5.09098,-1.79703,4.20097,6.294,-2.48027,3.77465,5.09098,-2.54524,2.18387,7.63085,-2.79551,2.92348,7.34807,-1.326,2.8518,7.62933,-1.76751,2.19781,7.65259,-2.49037,4.21505,7.47339,-2.75852,4.14998,7.35717,-1.5004,4.12434,7.378,-1.74671,4.21505,7.47339,-1.4458,2.79903,7.0257,-1.4458,4.27496,6.75879,-1.79703,1.60347,7.0257,-2.54069,1.60347,7.0257,-2.54069,4.27496,6.75879,-1.79703,4.27496,6.75879,-2.87247,2.79903,7.0257,-2.87247,4.27496,6.75879,-2.53249,4.375,6.18748,-2.86426,4.375,6.18748,-1.4458,4.17873,6.18159,-1.79703,4.23113,6.18159,-1.79703,4.47524,6.64638,-2.87247,4.6886,6.64638,-1.4458,4.47524,6.64638,-2.54069,4.6886,6.64638,-1.4458,2.58045,6.76173,-2.54069,1.37023,6.76173,-1.79703,4.46722,6.49483,-4.17693,4.44602,6.49483,0.0253115,4.26031,6.49483,-1.79703,1.37023,6.76173,-2.54069,4.46722,6.49483,-2.87247,2.58045,6.76173,-1.79703,4.67161,6.38241,-2.7571,4.75549,6.32472,-1.51922,4.81412,6.36078,-2.54069,4.58166,6.38241,-1.06426,2.77394,5.00299,-1.73661,3.6028,5.01666,-2.48027,3.6028,5.01666,-1.4458,3.68155,6.36832,-2.87247,3.68155,6.36832,-3.22393,2.77394,5.01666,-1.70462,4.20861,7.86202,-2.44828,4.20861,7.86202,-1.326,3.69725,7.4782,-2.8478,3.69725,7.35461,-2.87247,3.75553,6.83311,-1.4458,3.75553,6.83311,-1.44957,3.74089,6.56914,-2.98901,3.9266,6.56914,-2.47417,2.90864,7.94366,-2.82512,2.89792,7.4833,-1.41787,2.94819,7.68189,-1.65806,2.8832,8.00147,-2.49464,3.77001,8.26488,-1.42479,3.66268,7.50008,-2.82512,3.71818,7.29071,-1.67853,3.74457,8.32269,-2.34618,2.36637,1.57856,-1.6026,2.3599,1.56936,-2.37857,2.3503,2.73539,-1.635,2.34382,2.72619,-2.97076,1.8215,6.46557,-3.0828,1.82622,1.58782,-0.923127,1.82622,1.58782,-1.36917,1.8215,6.45385,-0.969684,1.82622,2.73066,-3.12936,1.82622,2.73066,-3.22393,1.8215,4.91582,-1.06426,1.8215,4.86672,-1.79703,0.653888,6.46557,-1.59548,1.84554,1.58782,-2.33914,1.84554,1.58782,-2.54069,0.653888,6.46557,-2.14668,1.93447,0.49708,-1.40302,1.93447,0.49708,-1.40302,1.58747,0.886286,-2.14668,1.58747,0.886286,-2.09096,1.22154,0.208697,-1.3473,1.22154,0.208697,-1.3473,0.874536,0.597903,-2.09096,0.874536,0.597903,-1.69029,2.94243,8.0019,-2.43395,2.94243,7.97499,-2.39746,3.26524,8.15857,-1.81737,3.26251,8.15535],
    "uvs":[],
    "normals":[-0.999171,0,-0.0407043,-0,0,-1,0.977516,0.0699198,0.198932,-0.438199,-0.136834,0.888402,0,-0.278416,-0.960461,0,0.396913,-0.917856,-0.0340969,0.999418,-0.00138904,0,-0.322962,-0.946412,0.999171,0,0.0407044,-0.999016,-0.00393788,-0.0441751,-0.979231,0.0930167,0.180153,-0.62611,0.742037,-0.239513,-0.0123479,-0.999794,-0.0161235,0.998969,0.00403023,0.0452108,0,-0.999932,-0.0116313,0.667967,0.722683,-0.177624,0,-0.99995,0.00995036,0.0377083,0.999288,0.00153616,0,0.996505,0.0835378,-0.0182375,-0.999802,0.00795331,0.481023,-0.149458,0.863874,0.98045,0.0804729,0.179558,0,-0.184899,0.982758,-0.013269,-0.248568,0.968524,2.37695e-09,-0.999932,-0.0116313,0,0.867925,-0.496696,0.46231,0.381013,-0.800686,0,-0.226827,0.973935,0.0135212,-0.99936,-0.0331241,0,-0.999821,-0.018946,-0.00878114,-0.998394,-0.0559627,0,-0.999821,-0.018946,-0.997638,-0.022653,-0.064845,0.0482333,-0.138561,0.989179,-0.999081,-0.00207505,-0.0428036,-0.0364863,-0.338625,-0.940214,0.999081,0.00207505,0.0428037,-0.998092,0.00524882,-0.0615215,0.997813,0.0237959,0.0616736,-0.999081,-0.00207505,-0.0428037,0.99787,-0.00490926,0.0650442,0.999081,0.00207506,0.0428038,-1.64922e-07,-0.184899,0.982758,-0.551482,0.713277,-0.432555,0.579767,0.7137,-0.393068,0,0.942565,-0.334023,0.957238,-0.00574212,0.289244,-0.00323085,-0.723699,0.690108,-0.964167,1.63333e-07,0.265297,0.983916,0.177344,-0.0214331,-0.407298,0.364852,-0.837252,0,0.999862,0.0165862,-0.785706,0.443417,0.431332,0.757489,0.617428,0.212115,-0.992524,-0.0170001,0.120863,-0.13613,0.978519,0.154819,-0.934948,-0.243498,0.258032,0.915437,-0.391176,0.0946324,0.172294,0.972915,0.154112,-0.208323,0.682687,0.700386,0.933437,-0.272552,0.233262,-0.939974,-0.25926,0.221886,0.199614,0.129683,-0.971255,-0.976154,-0.0131605,0.216682,0.315136,-0.319559,0.893628,0,-0.749379,0.662142,0,0.808321,0.588741,-0.134676,0.700789,0.70054,0.302793,0.95304,-0.00554251,0,0.489449,0.872032,-1,-0,0,0.999567,-0.00665766,0.0286672,0,-0.522057,-0.852911,0,0.262252,0.964999,-0.074345,-0.996616,-0.0350499,1,0,0,0.233106,0.448777,-0.862705,-0.0792518,0.327187,-0.94163,0,0.602188,-0.798354,0,-0.547475,0.836822,0.266315,-0.496313,-0.826287,-0.977743,-0.0705918,-0.197574,0.168244,0.600167,0.781981,-0.910437,-0.243369,0.334479,0.901179,-0.255017,0.350488,-0.221709,0.0998556,-0.969986,-0.398404,-0.559551,-0.726757,0.999969,0.00264317,0.00739777,0.999973,0.00044638,-0.00734942,-0.397746,-0.332479,0.855135,-0.98524,0.100697,0.138426,-0.0482754,-0.419223,0.906599,-0.893929,0.311896,0.321889,0.41031,0.192095,0.891485,-0.656455,0.474318,-0.586591,0.981421,-0.0359505,-0.188467,-0.975064,6.32634e-08,0.221923,0.97159,-0.00469771,0.236623,0.699276,0.47315,-0.535855,0,0.981263,-0.192671,0.917581,-0.0191809,0.397085,-0.90166,-0.043881,0.430213,-0.0430114,-0.26528,0.963212,-0.85654,-0.241483,0.456098,-0.994059,-0.0442178,-0.0994567,-0.0154971,0.691378,0.722327,0.904254,0.221464,0.365072,0.685812,-0.344585,0.641033,0.00887693,0.999861,0.0141399,-0.0653411,-0.333968,0.940317,-0.00113478,0.0873745,-0.996175,0,0.0868791,-0.996219,0.134231,-0.106876,0.98517,0.998981,0.00261464,0.0450505,-0.993693,0.0862846,0.0716194,-0.999027,-0.00253334,-0.0440394,0.999343,-0.000137485,0.0362381,-0.138249,-0.168815,0.975904,0.989689,0.0615778,0.129321,0.00125513,0.0873744,-0.996175,-0.999343,0.00013749,-0.036238,0,-0.374987,0.92703,0,-0.938513,0.345245,0,0.929588,-0.3686,-0.98045,-0.0804729,-0.179558,0,-0.746419,-0.665477,0.997052,0.0572711,0.0510606,-0.997052,-0.057271,-0.0510605,0,0.374987,-0.92703,-0.0167898,-0.466099,0.884573,-0.628606,-0.297768,0.718463,0.0123089,-0.371452,0.92837,-0.0565915,-0.318225,0.946325],